"ID","Description","GeneRatio","BgRatio","pvalue","p.adjust","qvalue","geneID","Count"
"GO:0006952","defense response","94/225","403/1987",2.88012987778698e-15,5.96186884701905e-12,5.3479464257013e-12,"Lcn2/Ngp/Ifitm6/Mmp8/Fpr2/Anxa1/Cd177/Clec5a/Il1r2/S100a9/Ifitm1/Wfdc21/S100a8/Anxa3/Plscr1/Ier3/Ltf/Ifitm2/Ggt1/Pld1/Ifnar2/Fpr1/Cd300lf/Saa3/Chi3l1/Slc11a1/Cebpb/Cd14/Tlr4/Trem1/Clec4n/Clec4e/Slc15a3/Clec4a2/Wfdc17/Flot1/Pglyrp1/Camp/Chil3/Tlr2/Il1rap/Ctnnbip1/Itgb2l/App/Il1rn/C5ar1/Rab20/Fcgr1/Wfdc18/Socs3/Ccr1/Ceacam1/Trem3/Ccr5/Itgam/Ffar2/Acod1/Hck/Ifih1/Ifitm3/Irf7/Cdc42ep2/Bst1/Ncf1/Cmklr1/Aif1/Il36g/Oas2/Adam8/Hp/Oas3/Nupr1/Cxcl2/Cd163/Ccrl2/Zbp1/Fcgr4/Timp1/Ifit1/Dhx58/Fosl2/Casp4/Cxcr2/Padi4/Rtp4/Cxcl3/Arg2/Oasl2/Ccn3/Gbp2b/Cxcl1/Ifi44l/Herc6/Cxcl10",94
"GO:0043207","response to external biotic stimulus","81/225","367/1987",2.07339835735255e-11,1.30595461030116e-08,1.17147415843948e-08,"Lcn2/Ifitm6/Mmp8/Fpr2/Anxa1/Cd177/AA467197/Clec5a/S100a9/Ifitm1/Slfn4/Wfdc21/Lrg1/S100a8/Anxa3/Plscr1/Ier3/Ltf/Ifitm2/Pld1/Ifnar2/Cd300lf/Saa3/Slc11a1/Cebpb/Cd14/Tlr4/Trem1/Clec4n/Clec4e/Slc15a3/Clec4a2/Wfdc17/Flot1/Pglyrp1/Camp/Tlr2/Il1rap/App/C5ar1/Rab20/Fcgr1/Pygl/Wfdc18/Ccr1/Ceacam1/Trem3/Ffar2/Acod1/Hck/Ifih1/Ifitm3/Irf7/Cdc42ep2/Ncf1/Il36g/Oas2/Adam8/Hp/Oas3/Usp18/Cxcl2/Zbp1/Fcgr4/Cmpk2/Ifit1/Fkbp5/Dhx58/Fosl2/Casp4/Padi4/Rtp4/Cxcl3/Arg2/Oasl2/Ifi44/Gbp2b/Cxcl1/Ifi44l/Herc6/Cxcl10",81
"GO:0051707","response to other organism","81/225","367/1987",2.07339835735255e-11,1.30595461030116e-08,1.17147415843948e-08,"Lcn2/Ifitm6/Mmp8/Fpr2/Anxa1/Cd177/AA467197/Clec5a/S100a9/Ifitm1/Slfn4/Wfdc21/Lrg1/S100a8/Anxa3/Plscr1/Ier3/Ltf/Ifitm2/Pld1/Ifnar2/Cd300lf/Saa3/Slc11a1/Cebpb/Cd14/Tlr4/Trem1/Clec4n/Clec4e/Slc15a3/Clec4a2/Wfdc17/Flot1/Pglyrp1/Camp/Tlr2/Il1rap/App/C5ar1/Rab20/Fcgr1/Pygl/Wfdc18/Ccr1/Ceacam1/Trem3/Ffar2/Acod1/Hck/Ifih1/Ifitm3/Irf7/Cdc42ep2/Ncf1/Il36g/Oas2/Adam8/Hp/Oas3/Usp18/Cxcl2/Zbp1/Fcgr4/Cmpk2/Ifit1/Fkbp5/Dhx58/Fosl2/Casp4/Padi4/Rtp4/Cxcl3/Arg2/Oasl2/Ifi44/Gbp2b/Cxcl1/Ifi44l/Herc6/Cxcl10",81
"GO:0098542","defense response to other organism","70/225","296/1987",2.96233941814276e-11,1.30595461030116e-08,1.17147415843948e-08,"Lcn2/Ifitm6/Fpr2/Anxa1/Cd177/Clec5a/S100a9/Ifitm1/Wfdc21/S100a8/Anxa3/Plscr1/Ltf/Ifitm2/Pld1/Ifnar2/Cd300lf/Slc11a1/Cebpb/Cd14/Tlr4/Trem1/Clec4n/Clec4e/Slc15a3/Clec4a2/Wfdc17/Flot1/Pglyrp1/Camp/Tlr2/Il1rap/App/C5ar1/Rab20/Fcgr1/Wfdc18/Ccr1/Ceacam1/Trem3/Ffar2/Acod1/Hck/Ifih1/Ifitm3/Irf7/Cdc42ep2/Ncf1/Il36g/Oas2/Adam8/Hp/Oas3/Cxcl2/Zbp1/Fcgr4/Ifit1/Dhx58/Fosl2/Casp4/Padi4/Rtp4/Cxcl3/Arg2/Oasl2/Gbp2b/Cxcl1/Ifi44l/Herc6/Cxcl10",70
"GO:0009617","response to bacterium","53/225","192/1987",3.15447973502695e-11,1.30595461030116e-08,1.17147415843948e-08,"Lcn2/Mmp8/Fpr2/AA467197/S100a9/Slfn4/Wfdc21/Lrg1/S100a8/Anxa3/Plscr1/Ltf/Pld1/Saa3/Slc11a1/Cebpb/Cd14/Tlr4/Trem1/Clec4e/Wfdc17/Pglyrp1/Camp/Tlr2/App/C5ar1/Fcgr1/Pygl/Wfdc18/Trem3/Acod1/Hck/Ncf1/Il36g/Oas2/Hp/Oas3/Usp18/Cxcl2/Fcgr4/Cmpk2/Ifit1/Fkbp5/Dhx58/Fosl2/Casp4/Cxcl3/Arg2/Ifi44/Gbp2b/Cxcl1/Herc6/Cxcl10",53
"GO:0009607","response to biotic stimulus","81/225","372/1987",4.52235669424747e-11,1.56021305951538e-08,1.3995503874829e-08,"Lcn2/Ifitm6/Mmp8/Fpr2/Anxa1/Cd177/AA467197/Clec5a/S100a9/Ifitm1/Slfn4/Wfdc21/Lrg1/S100a8/Anxa3/Plscr1/Ier3/Ltf/Ifitm2/Pld1/Ifnar2/Cd300lf/Saa3/Slc11a1/Cebpb/Cd14/Tlr4/Trem1/Clec4n/Clec4e/Slc15a3/Clec4a2/Wfdc17/Flot1/Pglyrp1/Camp/Tlr2/Il1rap/App/C5ar1/Rab20/Fcgr1/Pygl/Wfdc18/Ccr1/Ceacam1/Trem3/Ffar2/Acod1/Hck/Ifih1/Ifitm3/Irf7/Cdc42ep2/Ncf1/Il36g/Oas2/Adam8/Hp/Oas3/Usp18/Cxcl2/Zbp1/Fcgr4/Cmpk2/Ifit1/Fkbp5/Dhx58/Fosl2/Casp4/Padi4/Rtp4/Cxcl3/Arg2/Oasl2/Ifi44/Gbp2b/Cxcl1/Ifi44l/Herc6/Cxcl10",81
"GO:0034097","response to cytokine","58/225","227/1987",9.66038628984218e-11,2.5005338195685e-08,2.24304177865183e-08,"Ifitm6/Mmp8/Anxa1/Il1r2/Ifitm1/Wfdc21/Plscr1/Mapk13/Ifitm2/Ifnar2/Cd300lf/Saa3/Slc11a1/Gab1/Cebpb/Cd14/Tlr4/Pirb/Klf5/Csf2rb/Csf2rb2/Tlr2/Il1rap/App/Il1rn/Rab20/Nfil3/Socs3/Ccr1/Ceacam1/Ccr5/Acod1/Ifih1/Ifitm3/Irf7/Cdc42ep2/Ifi202b/Il36g/Oas2/Oas3/Ebi3/Cxcl2/Ctbp2/Ccrl2/Zbp1/Timp1/Il13ra1/Ifit1/Fosl2/Casp4/Cxcr2/Xaf1/Spp1/Cxcl3/Oasl2/Gbp2b/Cxcl1/Cxcl10",58
"GO:0006954","inflammatory response","54/225","203/1987",9.6638988195884e-11,2.5005338195685e-08,2.24304177865183e-08,"Mmp8/Fpr2/Anxa1/Il1r2/S100a9/S100a8/Plscr1/Ier3/Ggt1/Fpr1/Saa3/Chi3l1/Slc11a1/Cebpb/Cd14/Tlr4/Pglyrp1/Camp/Chil3/Tlr2/Il1rap/Ctnnbip1/Itgb2l/App/Il1rn/C5ar1/Fcgr1/Socs3/Ccr1/Ccr5/Itgam/Ffar2/Acod1/Hck/Bst1/Ncf1/Cmklr1/Aif1/Il36g/Adam8/Hp/Nupr1/Cxcl2/Cd163/Ccrl2/Zbp1/Timp1/Fosl2/Casp4/Cxcr2/Cxcl3/Ccn3/Cxcl1/Cxcl10",54
"GO:0097529","myeloid leukocyte migration","28/225","68/1987",1.10867974260355e-10,2.54996340798816e-08,2.28738136368732e-08,"Fpr2/Anxa1/Cd177/S100a9/S100a8/Trem1/Mmp9/Mmp14/Tlr2/Itgb2l/App/C5ar1/Ccr1/Trem3/Itgam/Bst1/Cmklr1/Aif1/Adam8/Cxcl2/Prtn3/Cxcr2/Spp1/Cxcl3/Ccn3/Cxcl1/Mtus1/Cxcl10",28
"GO:0045087","innate immune response","59/225","244/1987",7.36833006077706e-10,1.52524432258085e-07,1.36818255023271e-07,"Lcn2/Ifitm6/Fpr2/Anxa1/Cd177/Clec5a/S100a9/Ifitm1/Wfdc21/S100a8/Plscr1/Ltf/Ifitm2/Ifnar2/Cd300lf/Slc11a1/Cd14/Tlr4/Trem1/Clec4n/Clec4e/Slc15a3/Clec4a2/Wfdc17/Flot1/Pglyrp1/Camp/Tlr2/Il1rap/App/Rab20/Fcgr1/Wfdc18/Ccr1/Ceacam1/Trem3/Ffar2/Acod1/Hck/Ifih1/Ifitm3/Irf7/Cdc42ep2/Ncf1/Il36g/Oas2/Adam8/Oas3/Zbp1/Fcgr4/Ifit1/Dhx58/Fosl2/Casp4/Padi4/Arg2/Oasl2/Gbp2b/Herc6",59
"GO:0044419","biological process involved in interspecies interaction between organisms","81/225","394/1987",1.11061528221297e-09,2.0899760310735e-07,1.87476110796525e-07,"Lcn2/Ifitm6/Mmp8/Fpr2/Anxa1/Cd177/AA467197/Clec5a/S100a9/Ifitm1/Slfn4/Wfdc21/Lrg1/S100a8/Anxa3/Plscr1/Ier3/Ltf/Ifitm2/Pld1/Ifnar2/Cd300lf/Saa3/Slc11a1/Cebpb/Cd14/Tlr4/Trem1/Clec4n/Clec4e/Slc15a3/Clec4a2/Wfdc17/Flot1/Pglyrp1/Camp/Tlr2/Il1rap/App/C5ar1/Rab20/Fcgr1/Pygl/Wfdc18/Ccr1/Ceacam1/Trem3/Ffar2/Acod1/Hck/Ifih1/Ifitm3/Irf7/Cdc42ep2/Ncf1/Il36g/Oas2/Adam8/Hp/Oas3/Usp18/Cxcl2/Zbp1/Fcgr4/Cmpk2/Ifit1/Fkbp5/Dhx58/Fosl2/Casp4/Padi4/Rtp4/Cxcl3/Arg2/Oasl2/Ifi44/Gbp2b/Cxcl1/Ifi44l/Herc6/Cxcl10",81
"GO:0071345","cellular response to cytokine stimulus","50/225","198/1987",4.31077373462298e-09,7.43608469222465e-07,6.67035514725872e-07,"Ifitm6/Mmp8/Il1r2/Ifitm1/Plscr1/Mapk13/Ifitm2/Ifnar2/Cd300lf/Saa3/Gab1/Cebpb/Tlr4/Pirb/Klf5/Csf2rb/Csf2rb2/Tlr2/Il1rap/Il1rn/Rab20/Nfil3/Socs3/Ccr1/Ceacam1/Ccr5/Acod1/Ifih1/Ifitm3/Irf7/Cdc42ep2/Ifi202b/Il36g/Oas2/Oas3/Ebi3/Cxcl2/Ctbp2/Ccrl2/Zbp1/Il13ra1/Ifit1/Casp4/Cxcr2/Spp1/Cxcl3/Oasl2/Gbp2b/Cxcl1/Cxcl10",50
"GO:0060326","cell chemotaxis","29/225","83/1987",5.14340436742352e-09,8.18988233889745e-07,7.3465306106357e-07,"Fpr2/Anxa1/S100a9/S100a8/Saa3/Gab1/Trem1/Mmp9/Itgb2l/App/C5ar1/Ccr1/Trem3/Ccr5/Itgam/Ffar2/Bst1/Cmklr1/Aif1/Adam8/Cxcl2/Ccrl2/Cxcr2/Spp1/Cxcl3/Ccn3/Cxcl1/Mtus1/Cxcl10",29
"GO:0030595","leukocyte chemotaxis","25/225","68/1987",1.98254165135977e-08,2.80935430700965e-06,2.52006152939996e-06,"Fpr2/Anxa1/S100a9/S100a8/Trem1/Mmp9/Itgb2l/App/C5ar1/Ccr1/Trem3/Itgam/Ffar2/Bst1/Cmklr1/Aif1/Adam8/Cxcl2/Cxcr2/Spp1/Cxcl3/Ccn3/Cxcl1/Mtus1/Cxcl10",25
"GO:0097530","granulocyte migration","20/225","46/1987",2.0357639905867e-08,2.80935430700965e-06,2.52006152939996e-06,"Anxa1/Cd177/S100a9/S100a8/Trem1/Tlr2/Itgb2l/C5ar1/Trem3/Itgam/Bst1/Cmklr1/Adam8/Cxcl2/Prtn3/Cxcr2/Spp1/Cxcl3/Cxcl1/Cxcl10",20
"GO:0019221","cytokine-mediated signaling pathway","33/225","110/1987",3.32176367108565e-08,4.29753174946706e-06,3.85499415512835e-06,"Ifitm6/Mmp8/Il1r2/Ifitm1/Ifitm2/Ifnar2/Cd300lf/Gab1/Pirb/Csf2rb/Csf2rb2/Il1rap/Il1rn/Ccr1/Ceacam1/Ccr5/Ifih1/Ifitm3/Irf7/Il36g/Oas2/Oas3/Ebi3/Cxcl2/Ccrl2/Zbp1/Il13ra1/Casp4/Cxcr2/Cxcl3/Oasl2/Cxcl1/Cxcl10",33
"GO:0006935","chemotaxis","31/225","101/1987",5.04176674720589e-08,5.79803175928677e-06,5.20098043395976e-06,"Prok2/Fpr2/Anxa1/S100a9/S100a8/Fpr1/Saa3/Gab1/Trem1/Mmp9/Itgb2l/App/C5ar1/Ccr1/Trem3/Ccr5/Itgam/Ffar2/Bst1/Cmklr1/Aif1/Adam8/Cxcl2/Ccrl2/Cxcr2/Spp1/Cxcl3/Ccn3/Cxcl1/Mtus1/Cxcl10",31
"GO:0042330","taxis","31/225","101/1987",5.04176674720589e-08,5.79803175928677e-06,5.20098043395976e-06,"Prok2/Fpr2/Anxa1/S100a9/S100a8/Fpr1/Saa3/Gab1/Trem1/Mmp9/Itgb2l/App/C5ar1/Ccr1/Trem3/Ccr5/Itgam/Ffar2/Bst1/Cmklr1/Aif1/Adam8/Cxcl2/Ccrl2/Cxcr2/Spp1/Cxcl3/Ccn3/Cxcl1/Mtus1/Cxcl10",31
"GO:0006955","immune response","83/225","445/1987",1.03491747911147e-07,1.12751535882144e-05,1.01140965825631e-05,"Lcn2/Ifitm6/Olfm4/Fpr2/Anxa1/Cd177/Clec5a/S100a9/Ifitm1/Wfdc21/S100a8/Anxa3/Plscr1/Ltf/Ifitm2/Ifnar2/Fpr1/Cd300lf/Slc11a1/Cd14/Tlr4/Pram1/Trem1/Clec4n/Clec4e/Pirb/Slc15a3/Clec4a2/Wfdc17/Flot1/Pglyrp1/Camp/Csf2rb/Csf2rb2/Tlr2/Il1rap/Itgb2l/App/Il1rn/C5ar1/Rab20/Fcgr1/Nfil3/Wfdc18/Ccr1/Ceacam1/Trem3/Ccr5/Itgam/Ffar2/Acod1/Hck/Ifih1/Ifitm3/Irf7/Cdc42ep2/Ncf1/Cmklr1/Il36g/Oas2/Adam8/Oas3/Cxcl2/Ccrl2/Zbp1/Fcgr4/Ifit1/Dhx58/Fosl2/Casp4/Cxcr2/Il18bp/Padi4/Cxcl3/Arg2/Oasl2/Ifi44/Gbp2b/Cxcl1/Ctsl/Ifi44l/Herc6/Cxcl10",83
"GO:0050900","leukocyte migration","29/225","94/1987",1.2642821183565e-07,1.30853199249898e-05,1.17378613514783e-05,"Fpr2/Anxa1/Cd177/S100a9/S100a8/Trem1/Mmp9/Mmp14/Tlr2/Itgb2l/App/C5ar1/Ccr1/Trem3/Itgam/Ffar2/Bst1/Cmklr1/Aif1/Adam8/Cxcl2/Prtn3/Cxcr2/Spp1/Cxcl3/Ccn3/Cxcl1/Mtus1/Cxcl10",29
"GO:0042742","defense response to bacterium","28/225","89/1987",1.33684245664136e-07,1.31774470726077e-05,1.18205017218815e-05,"Lcn2/Fpr2/Wfdc21/Anxa3/Ltf/Pld1/Slc11a1/Cebpb/Tlr4/Trem1/Clec4e/Wfdc17/Pglyrp1/Camp/Tlr2/App/C5ar1/Fcgr1/Wfdc18/Trem3/Hck/Ncf1/Oas2/Hp/Oas3/Casp4/Arg2/Gbp2b",28
"GO:1990266","neutrophil migration","18/225","42/1987",1.42949759583068e-07,1.34502728334977e-05,1.20652332968675e-05,"Cd177/S100a9/S100a8/Trem1/Tlr2/Itgb2l/C5ar1/Trem3/Itgam/Bst1/Adam8/Cxcl2/Prtn3/Cxcr2/Spp1/Cxcl3/Cxcl1/Cxcl10",18
"GO:0070887","cellular response to chemical stimulus","85/225","466/1987",2.00652768857584e-07,1.80587491971826e-05,1.61991525979303e-05,"Lcn2/Ifitm6/Mmp8/Fpr2/Anxa1/Gpr27/Il1r2/S100a9/Ifitm1/S100a8/Plscr1/Mapk13/Ltf/Ifitm2/Cpne2/Pld1/Ifnar2/Cd300lf/Saa3/Slc11a1/Gab1/Cebpb/G6pdx/Cd14/Tlr4/Trem1/Mmp9/Pirb/Cib2/Klf5/Flot1/Csf2rb/Csf2rb2/Slc25a24/Tlr2/Il1rap/Itgb2l/App/Il1rn/C5ar1/Rab20/Nfil3/P2ry13/Prdx5/Socs3/Ccr1/Ceacam1/Anxa2/Trem3/Ccr5/Itgam/Ffar2/Acod1/Ifih1/Ifitm3/Irf7/Cdc42ep2/Bst1/Ifi202b/Cmklr1/Tgm2/Aif1/Il36g/Oas2/Adam8/Oas3/Ebi3/Cxcl2/Ctbp2/Ccrl2/Zbp1/Fcgr4/Cmpk2/Il13ra1/Ifit1/Casp4/Cxcr2/Spp1/Cxcl3/Oasl2/Ccn3/Gbp2b/Cxcl1/Mtus1/Cxcl10",85
"GO:0071621","granulocyte chemotaxis","16/225","38/1987",9.88297102467671e-07,8.52406250878367e-05,7.64629863488146e-05,"Anxa1/S100a9/S100a8/Trem1/Itgb2l/C5ar1/Trem3/Itgam/Bst1/Cmklr1/Cxcl2/Cxcr2/Spp1/Cxcl3/Cxcl1/Cxcl10",16
"GO:0034340","response to type I interferon","10/225","16/1987",1.24221355856519e-06,9.52363728233309e-05,8.54294236767636e-05,"Ifitm6/Ifitm1/Ifitm2/Ifnar2/Ifih1/Ifitm3/Irf7/Oas2/Oas3/Zbp1",10
"GO:0060337","type I interferon-mediated signaling pathway","10/225","16/1987",1.24221355856519e-06,9.52363728233309e-05,8.54294236767636e-05,"Ifitm6/Ifitm1/Ifitm2/Ifnar2/Ifih1/Ifitm3/Irf7/Oas2/Oas3/Zbp1",10
"GO:0071357","cellular response to type I interferon","10/225","16/1987",1.24221355856519e-06,9.52363728233309e-05,8.54294236767636e-05,"Ifitm6/Ifitm1/Ifitm2/Ifnar2/Ifih1/Ifitm3/Irf7/Oas2/Oas3/Zbp1",10
"GO:0010033","response to organic substance","83/225","475/1987",2.34088453926154e-06,0.000173058249866836,0.000155237606287871,"Lcn2/Ifitm6/Mmp8/Fpr2/Anxa1/Gpr27/Il1r2/S100a9/Ifitm1/Wfdc21/S100a8/Plscr1/Mapk13/Ltf/Ifitm2/Cpne2/Pld1/Ifnar2/Cd300lf/Saa3/Slc11a1/Gab1/Cebpb/G6pdx/Cd14/Tlr4/Mmp9/Pirb/Cib2/Klf5/Flot1/Mmp14/Csf2rb/Csf2rb2/Slc25a24/Tlr2/Il1rap/App/Il1rn/C5ar1/Rab20/Acp2/Nfil3/P2ry13/Socs3/Ccr1/Ceacam1/Crem/Ccr5/Ffar2/Gatm/Acod1/Ifih1/Ifitm3/Irf7/Cdc42ep2/Ifi202b/Tgm2/Glul/Il36g/Oas2/Oas3/Usp18/Ebi3/Cxcl2/Ctbp2/Ccrl2/Zbp1/Fcgr4/Cmpk2/Timp1/Il13ra1/Ifit1/Fosl2/Casp4/Cxcr2/Xaf1/Spp1/Cxcl3/Oasl2/Gbp2b/Cxcl1/Cxcl10",83
"GO:0007166","cell surface receptor signaling pathway","76/225","424/1987",2.84977540849238e-06,0.000198528763024817,0.000178085297724778,"Lcn2/Ifitm6/Mmp8/Fpr2/Anxa1/Cd177/Il1r2/Ifitm1/Lrg1/Plscr1/Ltf/Ifitm2/Fam20c/Igfbp6/Ifnar2/Fpr1/Cd300lf/Adgrg3/Gab1/Cd14/Tlr4/Pram1/Mmp9/Clec4n/G0s2/Clec4e/Pirb/Id1/Reck/Mmp14/Csf2rb/Csf2rb2/Tlr2/Il1rap/Ctnnbip1/Itgb2l/App/Il1rn/C5ar1/Ms4a6d/Plaur/Fcgr1/Socs3/Ccr1/Ceacam1/Ccr5/Itgam/Ffar2/Xdh/Acod1/Hck/Ifih1/Ifitm3/Irf7/Ms4a8a/Cmklr1/Il36g/Oas2/Hp/Oas3/Ebi3/Cxcl2/Ccrl2/Zbp1/Mertk/Fcgr4/Timp1/Il13ra1/Fosl2/Casp4/Cxcr2/Cxcl3/Oasl2/Ccn3/Cxcl1/Cxcl10",76
"GO:0032103","positive regulation of response to external stimulus","38/225","161/1987",2.87722844963502e-06,0.000198528763024817,0.000178085297724778,"Mmp8/Fpr2/S100a9/S100a8/Plscr1/Ltf/Cd300lf/Cebpb/Cd14/Tlr4/Trem1/Clec4n/Clec4e/Slc15a3/Flot1/Tlr2/App/C5ar1/Fcgr1/Ccr1/Trem3/Ccr5/Ffar2/Acod1/Ifih1/Irf7/Cmklr1/Aif1/Adam8/Oas3/Nupr1/Zbp1/Dhx58/Casp4/Cxcr2/Gbp2b/Cxcl1/Cxcl10",38
"GO:0016477","cell migration","51/225","252/1987",6.6345201719439e-06,0.000434680862562702,0.000389919675342286,"Lcn2/Fpr2/Anxa1/Cd177/S100a9/Ifitm1/Lrg1/S100a8/Anxa3/Igfbp6/Pld1/Vcan/Adgrg3/Saa3/Gab1/Tlr4/Trem1/Mmp9/Reck/Mmp14/Fscn1/Tlr2/Itgb2l/Col5a1/App/Il1rn/C5ar1/Ccr1/Ceacam1/Trem3/Ccr5/Itgam/Ffar2/Bst1/Cmklr1/Aif1/Glul/Adam8/Rnd1/Cxcl2/Ccrl2/Mertk/Timp1/Prtn3/Cxcr2/Spp1/Cxcl3/Ccn3/Cxcl1/Mtus1/Cxcl10",51
"GO:0030593","neutrophil chemotaxis","14/225","34/1987",6.71970415555868e-06,0.000434680862562702,0.000389919675342286,"S100a9/S100a8/Trem1/Itgb2l/C5ar1/Trem3/Itgam/Bst1/Cxcl2/Cxcr2/Spp1/Cxcl3/Cxcl1/Cxcl10",14
"GO:0002446","neutrophil mediated immunity","9/225","15/1987",7.13957041331559e-06,0.000447845780471614,0.000401728938088954,"Cd177/Anxa3/Pram1/Trem1/Itgb2l/Trem3/Itgam/Ncf1/Cxcl1",9
"GO:0019730","antimicrobial humoral response","13/225","30/1987",7.39760499211133e-06,0.000450383598049131,0.000404005424336978,"S100a9/Wfdc21/Ltf/Wfdc17/Pglyrp1/Camp/App/Wfdc18/Acod1/Cxcl2/Cxcl3/Cxcl1/Cxcl10",13
"GO:0032101","regulation of response to external stimulus","51/225","258/1987",1.37001750938471e-05,0.000810267498407528,0.00072683034182094,"Mmp8/Fpr2/Anxa1/S100a9/S100a8/Plscr1/Ier3/Ltf/Ggt1/Cd300lf/Cebpb/Cd14/Tlr4/Trem1/Clec4n/Clec4e/Slc15a3/Flot1/Pglyrp1/Tlr2/App/C5ar1/Plaur/Fcgr1/Socs3/Ccr1/Ceacam1/Anxa2/Trem3/Ccr5/Ffar2/Acod1/Ifih1/Irf7/Bst1/Ncf1/Cmklr1/Aif1/Adam8/Oas3/Nupr1/Zbp1/Dhx58/Casp4/Cxcr2/Arg2/Ccn3/Gbp2b/Cxcl1/Mtus1/Cxcl10",51
"GO:0031347","regulation of defense response","42/225","199/1987",1.77520897232899e-05,0.00102074515908917,0.000915634101517056,"Mmp8/Fpr2/Anxa1/S100a9/S100a8/Plscr1/Ier3/Ltf/Ggt1/Cd300lf/Cebpb/Cd14/Tlr4/Clec4n/Clec4e/Slc15a3/Flot1/Pglyrp1/Tlr2/App/Fcgr1/Socs3/Ccr1/Ceacam1/Trem3/Ccr5/Ffar2/Acod1/Ifih1/Irf7/Bst1/Ncf1/Adam8/Oas3/Nupr1/Zbp1/Dhx58/Casp4/Arg2/Ccn3/Gbp2b/Cxcl1",42
"GO:0045071","negative regulation of viral genome replication","10/225","20/1987",1.89304451416156e-05,0.00105908166062552,0.000950022908387197,"Ifitm6/Ifitm1/Plscr1/Ltf/Ifitm2/Ifih1/Ifitm3/Oas2/Oas3/Oasl2",10
"GO:0048870","cell motility","51/225","264/1987",2.72940276866294e-05,0.00148680624503481,0.00133370262712505,"Lcn2/Fpr2/Anxa1/Cd177/S100a9/Ifitm1/Lrg1/S100a8/Anxa3/Igfbp6/Pld1/Vcan/Adgrg3/Saa3/Gab1/Tlr4/Trem1/Mmp9/Reck/Mmp14/Fscn1/Tlr2/Itgb2l/Col5a1/App/Il1rn/C5ar1/Ccr1/Ceacam1/Trem3/Ccr5/Itgam/Ffar2/Bst1/Cmklr1/Aif1/Glul/Adam8/Rnd1/Cxcl2/Ccrl2/Mertk/Timp1/Prtn3/Cxcr2/Spp1/Cxcl3/Ccn3/Cxcl1/Mtus1/Cxcl10",51
"GO:0050832","defense response to fungus","9/225","17/1987",2.82246408118068e-05,0.00149807708924205,0.0013438128580844,"Ltf/Clec4n/Clec4e/Clec4a2/Camp/App/Ncf1/Zbp1/Cxcl1",9
"GO:0009620","response to fungus","10/225","21/1987",3.25859465261721e-05,0.0016863227327294,0.00151267393874125,"Ltf/Clec4n/Clec4e/Clec4a2/Camp/Tlr2/App/Ncf1/Zbp1/Cxcl1",10
"GO:0098657","import into cell","35/225","159/1987",3.9219675986255e-05,0.00198011534857434,0.00177621331039162,"Lcn2/Fpr2/Anxa1/Cd177/Anxa3/Plscr1/Scamp1/Cd300lf/Rhou/Slc11a1/Cd14/Tlr4/Abca13/Slc15a3/Flot1/Tlr2/App/Rab20/Fcgr1/Ceacam1/Anxa2/Itgam/Hck/Ifitm3/Tgm2/Aif1/Cd163/Mertk/Fcgr4/Tspo2/Prtn3/Cd302/Cxcr2/Msr1/Arg2",35
"GO:0031349","positive regulation of defense response","31/225","134/1987",4.13159336161889e-05,0.00203628529965502,0.00182659917039993,"Mmp8/Fpr2/S100a9/S100a8/Plscr1/Ltf/Cd300lf/Cebpb/Cd14/Tlr4/Clec4n/Clec4e/Slc15a3/Flot1/Tlr2/App/Fcgr1/Trem3/Ccr5/Ffar2/Acod1/Ifih1/Irf7/Adam8/Oas3/Nupr1/Zbp1/Dhx58/Casp4/Gbp2b/Cxcl1",31
"GO:0061844","antimicrobial humoral immune response mediated by antimicrobial peptide","9/225","18/1987",5.09333340979316e-05,0.00245190701355159,0.00219942230963896,"S100a9/Ltf/Pglyrp1/Camp/App/Cxcl2/Cxcl3/Cxcl1/Cxcl10",9
"GO:0071310","cellular response to organic substance","63/225","358/1987",5.65375680305389e-05,0.00265983558689126,0.00238593947382466,"Ifitm6/Mmp8/Fpr2/Anxa1/Gpr27/Il1r2/Ifitm1/Plscr1/Mapk13/Ltf/Ifitm2/Ifnar2/Cd300lf/Saa3/Gab1/Cebpb/Cd14/Tlr4/Pirb/Cib2/Klf5/Flot1/Csf2rb/Csf2rb2/Tlr2/Il1rap/App/Il1rn/Rab20/Nfil3/P2ry13/Socs3/Ccr1/Ceacam1/Ccr5/Ffar2/Acod1/Ifih1/Ifitm3/Irf7/Cdc42ep2/Ifi202b/Tgm2/Il36g/Oas2/Oas3/Ebi3/Cxcl2/Ctbp2/Ccrl2/Zbp1/Fcgr4/Cmpk2/Il13ra1/Ifit1/Casp4/Cxcr2/Spp1/Cxcl3/Oasl2/Gbp2b/Cxcl1/Cxcl10",63
"GO:0050727","regulation of inflammatory response","24/225","94/1987",6.20286101968941e-05,0.00285331606905713,0.00255949633654552,"Mmp8/Fpr2/Anxa1/S100a9/S100a8/Ier3/Ggt1/Cebpb/Tlr4/Pglyrp1/Tlr2/App/Fcgr1/Socs3/Ccr5/Ffar2/Acod1/Bst1/Ncf1/Adam8/Nupr1/Zbp1/Casp4/Ccn3",24
"GO:0040011","locomotion","44/225","224/1987",7.31459635880237e-05,0.00329156836146107,0.00295261967435409,"Lcn2/Prok2/Fpr2/Anxa1/S100a9/Ifitm1/S100a8/Anxa3/Pld1/Fpr1/Adgrg3/Saa3/Gab1/Tlr4/Trem1/Mmp9/Reck/Mmp14/Tlr2/Itgb2l/App/Il1rn/C5ar1/Ccr1/Ceacam1/Trem3/Ccr5/Itgam/Ffar2/Bst1/Cmklr1/Aif1/Glul/Adam8/Cxcl2/Ccrl2/Timp1/Cxcr2/Spp1/Cxcl3/Ccn3/Cxcl1/Mtus1/Cxcl10",44
"GO:0006897","endocytosis","31/225","138/1987",7.61343364042887e-05,0.00335315056078463,0.00300786045727134,"Fpr2/Anxa1/Cd177/Anxa3/Plscr1/Scamp1/Cd300lf/Rhou/Slc11a1/Cd14/Tlr4/Abca13/Flot1/Tlr2/App/Rab20/Fcgr1/Ceacam1/Anxa2/Itgam/Hck/Ifitm3/Tgm2/Aif1/Cd163/Mertk/Fcgr4/Prtn3/Cd302/Cxcr2/Msr1",31
"GO:0032481","positive regulation of type I interferon production","9/225","19/1987",8.73249089049596e-05,0.00363483001323479,0.0032605340164486,"Cd14/Tlr4/Flot1/Tlr2/Ifih1/Irf7/Oas2/Oas3/Dhx58",9
"GO:0042119","neutrophil activation","9/225","19/1987",8.73249089049596e-05,0.00363483001323479,0.0032605340164486,"Anxa1/Cd177/Anxa3/Pram1/Camp/Itgb2l/Itgam/Fcgr4/Cxcr2",9
"GO:0002237","response to molecule of bacterial origin","23/225","90/1987",8.77978264066374e-05,0.00363483001323479,0.0032605340164486,"Mmp8/S100a9/Wfdc21/S100a8/Plscr1/Ltf/Slc11a1/Cebpb/Cd14/Tlr4/Tlr2/C5ar1/Acod1/Il36g/Cxcl2/Fcgr4/Cmpk2/Fosl2/Casp4/Cxcl3/Gbp2b/Cxcl1/Cxcl10",23
"GO:0035455","response to interferon-alpha","7/225","12/1987",0.000104931595966142,0.00425898830686107,0.0038204197169097,"Ifitm6/Ifitm1/Plscr1/Ifitm2/Ifnar2/Ifitm3/Ifit1",7
"GO:0050729","positive regulation of inflammatory response","14/225","43/1987",0.000147270707765871,0.00586250702067987,0.00525881636637645,"Mmp8/S100a9/S100a8/Cebpb/Tlr4/Tlr2/App/Fcgr1/Ccr5/Ffar2/Adam8/Nupr1/Zbp1/Casp4",14
"GO:0035456","response to interferon-beta","11/225","29/1987",0.000166921967240836,0.00651940513563264,0.00584807051068191,"Ifitm6/Ifitm1/Plscr1/Ifitm2/Ifnar2/Acod1/Ifitm3/Ifi202b/Ifit1/Xaf1/Gbp2b",11
"GO:0002685","regulation of leukocyte migration","17/225","60/1987",0.000200293217765466,0.00767790668100954,0.00688727555825112,"Fpr2/Anxa1/Trem1/Mmp9/Mmp14/Tlr2/App/C5ar1/Ccr1/Bst1/Cmklr1/Aif1/Adam8/Cxcr2/Ccn3/Mtus1/Cxcl10",17
"GO:0032728","positive regulation of interferon-beta production","7/225","13/1987",0.00020559363022582,0.00773779662849903,0.00694099834867648,"Tlr4/Flot1/Tlr2/Ifih1/Irf7/Oas2/Oas3",7
"GO:0036230","granulocyte activation","9/225","21/1987",0.000226307567441111,0.0083652975821982,0.00750388249936314,"Anxa1/Cd177/Anxa3/Pram1/Camp/Itgb2l/Itgam/Fcgr4/Cxcr2",9
"GO:0001816","cytokine production","42/225","221/1987",0.00024379311787379,0.00885353954383765,0.00794184782879716,"Mmp8/Anxa1/Clec5a/Il1r2/Mapk13/Ltf/Chi3l1/Slc11a1/Cebpb/G6pdx/Cd14/Tlr4/Trem1/Clec4n/Clec4e/Flot1/Pglyrp1/Camp/Chil3/Tlr2/Il1rap/App/C5ar1/Ceacam1/Trem3/Ccr5/Ffar2/Acod1/Ifih1/Irf7/Cmklr1/Aif1/Il36g/Oas2/Adam8/Oas3/Mertk/Dhx58/Fosl2/Casp4/Xaf1/Arg2",42
"GO:0045089","positive regulation of innate immune response","23/225","96/1987",0.000254051396267849,0.0090670067288698,0.00813333326708687,"Fpr2/Plscr1/Ltf/Cd300lf/Cd14/Tlr4/Clec4n/Clec4e/Slc15a3/Flot1/Tlr2/App/Trem3/Ffar2/Acod1/Ifih1/Irf7/Adam8/Oas3/Zbp1/Dhx58/Casp4/Gbp2b",23
"GO:0045069","regulation of viral genome replication","10/225","26/1987",0.000292767907519474,0.0101004928094218,0.00906039629586581,"Ifitm6/Ifitm1/Plscr1/Ltf/Ifitm2/Ifih1/Ifitm3/Oas2/Oas3/Oasl2",10
"GO:0070555","response to interleukin-1","10/225","26/1987",0.000292767907519474,0.0101004928094218,0.00906039629586581,"Anxa1/Il1r2/Mapk13/Saa3/Cebpb/Il1rap/App/Il1rn/Acod1/Zbp1",10
"GO:0072593","reactive oxygen species metabolic process","15/225","51/1987",0.0003061540728587,0.010389162800287,0.00931934054396458,"Lcn2/Fpr2/Cd177/Ier3/G6pdx/Tlr4/Itgb2l/App/Prdx5/Itgam/Xdh/Acod1/Ncf1/Arg2/Cxcl1",15
"GO:0006909","phagocytosis","18/225","68/1987",0.000333258686239381,0.0105426503767644,0.00945702276359646,"Fpr2/Anxa1/Anxa3/Plscr1/Cd300lf/Slc11a1/Tlr4/Tlr2/Rab20/Fcgr1/Itgam/Hck/Tgm2/Aif1/Mertk/Prtn3/Cd302/Msr1",18
"GO:0002833","positive regulation of response to biotic stimulus","24/225","104/1987",0.000342820795205906,0.0105426503767644,0.00945702276359646,"Fpr2/Plscr1/Ltf/Cd300lf/Cd14/Tlr4/Clec4n/Clec4e/Slc15a3/Flot1/Tlr2/App/Trem3/Ffar2/Acod1/Ifih1/Irf7/Adam8/Oas3/Zbp1/Dhx58/Casp4/Gbp2b/Cxcl1",24
"GO:0002687","positive regulation of leukocyte migration","13/225","41/1987",0.000344558363199113,0.0105426503767644,0.00945702276359646,"Fpr2/Trem1/Mmp9/Mmp14/Tlr2/App/C5ar1/Ccr1/Cmklr1/Aif1/Adam8/Cxcr2/Cxcl10",13
"GO:2000377","regulation of reactive oxygen species metabolic process","13/225","41/1987",0.000344558363199113,0.0105426503767644,0.00945702276359646,"Lcn2/Fpr2/Cd177/Ier3/G6pdx/Tlr4/Itgb2l/App/Itgam/Xdh/Acod1/Arg2/Cxcl1",13
"GO:0030198","extracellular matrix organization","12/225","36/1987",0.000347369851178195,0.0105426503767644,0.00945702276359646,"Mmp8/Crispld2/Mmp9/Adamtsl4/Flot1/Reck/Mmp14/Fscn1/Col5a1/App/Tgfbi/Anxa2",12
"GO:0043062","extracellular structure organization","12/225","36/1987",0.000347369851178195,0.0105426503767644,0.00945702276359646,"Mmp8/Crispld2/Mmp9/Adamtsl4/Flot1/Reck/Mmp14/Fscn1/Col5a1/App/Tgfbi/Anxa2",12
"GO:0045229","external encapsulating structure organization","12/225","36/1987",0.000347369851178195,0.0105426503767644,0.00945702276359646,"Mmp8/Crispld2/Mmp9/Adamtsl4/Flot1/Reck/Mmp14/Fscn1/Col5a1/App/Tgfbi/Anxa2",12
"GO:0001819","positive regulation of cytokine production","29/225","136/1987",0.000351421679225481,0.0105426503767644,0.00945702276359646,"Mmp8/Anxa1/Clec5a/Mapk13/Chi3l1/Slc11a1/Cebpb/Cd14/Tlr4/Clec4n/Clec4e/Flot1/Camp/Chil3/Tlr2/Il1rap/App/C5ar1/Ccr5/Ffar2/Ifih1/Irf7/Aif1/Il36g/Oas2/Adam8/Oas3/Dhx58/Casp4",29
"GO:0140888","interferon-mediated signaling pathway","10/225","27/1987",0.000419444797441311,0.0124035818671931,0.0111263251531801,"Ifitm6/Ifitm1/Ifitm2/Ifnar2/Ifih1/Ifitm3/Irf7/Oas2/Oas3/Zbp1",10
"GO:0032496","response to lipopolysaccharide","21/225","87/1987",0.000428011747769167,0.0124786523645377,0.0111936652789446,"Mmp8/S100a9/Wfdc21/S100a8/Plscr1/Ltf/Slc11a1/Cebpb/Cd14/Tlr4/Acod1/Il36g/Cxcl2/Fcgr4/Cmpk2/Fosl2/Casp4/Cxcl3/Gbp2b/Cxcl1/Cxcl10",21
"GO:0032479","regulation of type I interferon production","11/225","32/1987",0.00045615096678638,0.0127878965049971,0.0114710650571141,"Cd14/Tlr4/Flot1/Tlr2/Acod1/Ifih1/Irf7/Oas2/Oas3/Dhx58/Xaf1",11
"GO:0032606","type I interferon production","11/225","32/1987",0.00045615096678638,0.0127878965049971,0.0114710650571141,"Cd14/Tlr4/Flot1/Tlr2/Acod1/Ifih1/Irf7/Oas2/Oas3/Dhx58/Xaf1",11
"GO:0046903","secretion","29/225","138/1987",0.00045721943016644,0.0127878965049971,0.0114710650571141,"Anxa1/Gpr27/Cd177/S100a9/S100a8/Anxa3/Scamp1/Tlr4/Pram1/Tlr2/Itgb2l/Il1rn/Ccr1/Anxa2/Itgam/Ffar2/Xdh/Hck/Rab3d/Tgm2/Glul/Oas2/Ctbp2/Mertk/Fcgr4/Rab3il1/Fosl2/Spp1/Ccn3",29
"GO:0002526","acute inflammatory response","12/225","37/1987",0.000463329583514389,0.0127878965049971,0.0114710650571141,"Plscr1/Saa3/Ctnnbip1/Il1rn/Fcgr1/Ccr5/Ffar2/Adam8/Hp/Nupr1/Cd163/Cxcr2",12
"GO:0002218","activation of innate immune response","19/225","76/1987",0.000504815152236814,0.0137495705938185,0.0123337109216861,"Ltf/Cd300lf/Cd14/Tlr4/Clec4n/Clec4e/Slc15a3/Flot1/Tlr2/App/Ffar2/Acod1/Ifih1/Irf7/Oas3/Zbp1/Dhx58/Casp4/Gbp2b",19
"GO:0090025","regulation of monocyte chemotaxis","6/225","11/1987",0.000558830038118797,0.014844584529987,0.0133159659857092,"Fpr2/App/Ccr1/Aif1/Ccn3/Cxcl10",6
"GO:0045088","regulation of innate immune response","26/225","120/1987",0.00055936115620241,0.014844584529987,0.0133159659857092,"Fpr2/Plscr1/Ltf/Cd300lf/Cd14/Tlr4/Clec4n/Clec4e/Slc15a3/Flot1/Tlr2/App/Ccr1/Ceacam1/Trem3/Ffar2/Acod1/Ifih1/Irf7/Ncf1/Adam8/Oas3/Zbp1/Dhx58/Casp4/Gbp2b",26
"GO:0002688","regulation of leukocyte chemotaxis","12/225","38/1987",0.000610323982676419,0.0159634246160821,0.0143195937059592,"Fpr2/Trem1/App/C5ar1/Ccr1/Bst1/Cmklr1/Aif1/Cxcr2/Ccn3/Mtus1/Cxcl10",12
"GO:0032602","chemokine production","11/225","33/1987",0.000616943946515251,0.0159634246160821,0.0143195937059592,"Tlr4/Trem1/Chil3/Tlr2/App/Trem3/Ffar2/Aif1/Oas3/Fosl2/Arg2",11
"GO:0002758","innate immune response-activating signaling pathway","17/225","66/1987",0.000692583188670454,0.0175618829670938,0.0157534510826105,"Ltf/Cd300lf/Cd14/Tlr4/Clec4n/Clec4e/Slc15a3/Flot1/Tlr2/App/Ffar2/Acod1/Ifih1/Irf7/Oas3/Dhx58/Casp4",17
"GO:0001817","regulation of cytokine production","38/225","203/1987",0.00069568811753705,0.0175618829670938,0.0157534510826105,"Mmp8/Anxa1/Clec5a/Il1r2/Mapk13/Ltf/Chi3l1/Slc11a1/Cebpb/Cd14/Tlr4/Clec4n/Clec4e/Flot1/Pglyrp1/Camp/Chil3/Tlr2/Il1rap/App/C5ar1/Ceacam1/Ccr5/Ffar2/Acod1/Ifih1/Irf7/Cmklr1/Aif1/Il36g/Oas2/Adam8/Oas3/Mertk/Dhx58/Casp4/Xaf1/Arg2",38
"GO:0032963","collagen metabolic process","9/225","24/1987",0.000740535088192094,0.0184687666573209,0.0165669485804801,"Mmp8/Mmp9/Id1/Mmp14/Col5a1/Prdx5/Prtn3/Fosl2/Ctsl",9
"GO:0016192","vesicle-mediated transport","39/225","211/1987",0.000764437687883555,0.0188379287371305,0.0168980962584786,"Fpr2/Anxa1/Cd177/Anxa3/Plscr1/Pld1/Scamp1/Cd300lf/Rhou/Slc11a1/Cd14/Tlr4/Pram1/Abca13/Flot1/Tlr2/Itgb2l/App/Rab20/Fcgr1/Ccr1/Cep19/Ceacam1/Anxa2/Itgam/Hck/Ifitm3/Rab3d/Tgm2/Aif1/Cd163/Ctbp2/Mertk/Fcgr4/Rab3il1/Prtn3/Cd302/Cxcr2/Msr1",39
"GO:0007204","positive regulation of cytosolic calcium ion concentration","12/225","39/1987",0.000794595622908272,0.0191257318537224,0.0171562628985336,"Fpr2/Fpr1/Cib2/C5ar1/Ccr1/Ccr5/Cmklr1/Cxcl2/Ccrl2/Cxcr2/Cxcl3/Cxcl1",12
"GO:0015711","organic anion transport","12/225","39/1987",0.000794595622908272,0.0191257318537224,0.0171562628985336,"Anxa1/Slc11a1/Plin2/Slc25a24/Il1rn/Ceacam1/Slco4c1/Car4/Slc7a7/Fabp5/Tspo2/Arg2",12
"GO:0051607","defense response to virus","19/225","80/1987",0.00100410000664503,0.0225809972460173,0.0202557229300658,"Ifitm6/Ifitm1/Plscr1/Ifitm2/Ifnar2/Acod1/Ifih1/Ifitm3/Irf7/Oas2/Oas3/Zbp1/Ifit1/Dhx58/Rtp4/Oasl2/Gbp2b/Ifi44l/Cxcl10",19
"GO:0140546","defense response to symbiont","19/225","80/1987",0.00100410000664503,0.0225809972460173,0.0202557229300658,"Ifitm6/Ifitm1/Plscr1/Ifitm2/Ifnar2/Acod1/Ifih1/Ifitm3/Irf7/Oas2/Oas3/Zbp1/Ifit1/Dhx58/Rtp4/Oasl2/Gbp2b/Ifi44l/Cxcl10",19
"GO:0051873","killing by host of symbiont cells","6/225","12/1987",0.00101272848027145,0.0225809972460173,0.0202557229300658,"Ltf/Trem1/Camp/Trem3/Ncf1/Cxcl1",6
"GO:0002548","monocyte chemotaxis","7/225","16/1987",0.00101450857192251,0.0225809972460173,0.0202557229300658,"Fpr2/Anxa1/App/Ccr1/Aif1/Ccn3/Cxcl10",7
"GO:0045123","cellular extravasation","7/225","16/1987",0.00101450857192251,0.0225809972460173,0.0202557229300658,"Cd177/Trem1/Itgb2l/Trem3/Itgam/Adam8/Prtn3",7
"GO:0061515","myeloid cell development","7/225","16/1987",0.00101450857192251,0.0225809972460173,0.0202557229300658,"Fam20c/Cebpb/G6pdx/Tlr2/App/Itgam/Epb42",7
"GO:0070098","chemokine-mediated signaling pathway","7/225","16/1987",0.00101450857192251,0.0225809972460173,0.0202557229300658,"Ccr1/Ccr5/Cxcl2/Ccrl2/Cxcl3/Cxcl1/Cxcl10",7
"GO:0051240","positive regulation of multicellular organismal process","56/225","340/1987",0.00105290107908749,0.0231862258905436,0.0207986282587942,"Lipg/Lcn2/Prok2/Mmp8/Anxa1/Cd177/Clec5a/S100a9/Lrg1/Anxa3/Mapk13/Flot2/Fam20c/Vcan/Chi3l1/Slc11a1/Gab1/Cebpb/Cd14/Tlr4/Mmp9/Clec4n/G0s2/Clec4e/Flot1/Camp/Mmp14/Chil3/Tlr2/Il1rap/Ctnnbip1/Itgb2l/App/C5ar1/Ccr1/Anxa2/Ccr5/Itgam/Ffar2/Gatm/Ifih1/Irf7/Bst1/Cmklr1/Tgm2/Aif1/Il36g/Oas2/Adam8/Oas3/Fcgr4/Fabp5/Dhx58/Casp4/Cxcr2/Spp1",56
"GO:0002444","myeloid leukocyte mediated immunity","10/225","30/1987",0.00109704306400281,0.0234111251802662,0.0210003685827559,"Cd177/Anxa3/Pram1/Trem1/Itgb2l/Fcgr1/Trem3/Itgam/Ncf1/Cxcl1",10
"GO:0019079","viral genome replication","10/225","30/1987",0.00109704306400281,0.0234111251802662,0.0210003685827559,"Ifitm6/Ifitm1/Plscr1/Ltf/Ifitm2/Ifih1/Ifitm3/Oas2/Oas3/Oasl2",10
"GO:0048525","negative regulation of viral process","10/225","30/1987",0.00109704306400281,0.0234111251802662,0.0210003685827559,"Ifitm6/Ifitm1/Plscr1/Ltf/Ifitm2/Ifih1/Ifitm3/Oas2/Oas3/Oasl2",10
"GO:0002221","pattern recognition receptor signaling pathway","16/225","63/1987",0.00117680029411731,0.0246883646105494,0.0221460845019116,"Ltf/Cd300lf/Cd14/Tlr4/Clec4e/Slc15a3/Flot1/Tlr2/App/Ffar2/Acod1/Ifih1/Irf7/Oas3/Dhx58/Casp4",16
"GO:0002274","myeloid leukocyte activation","19/225","81/1987",0.00118074787267845,0.0246883646105494,0.0221460845019116,"Mmp8/Anxa1/Cd177/Anxa3/Plscr1/Cd300lf/Slc11a1/Tlr4/Pram1/Pirb/Camp/Tlr2/Itgb2l/App/C5ar1/Itgam/Aif1/Fcgr4/Cxcr2",19
"GO:0007200","phospholipase C-activating G protein-coupled receptor signaling pathway","8/225","21/1987",0.00130787989264858,0.0270731137778257,0.0242852645329695,"Fpr2/Gpr27/Fpr1/C5ar1/Ffar2/Cmklr1/Tgm2/Cxcr2",8
"GO:2000379","positive regulation of reactive oxygen species metabolic process","10/225","31/1987",0.00146134080081817,0.0299502520563724,0.0268661299910709,"Lcn2/Fpr2/Cd177/Tlr4/Itgb2l/App/Itgam/Xdh/Acod1/Cxcl1",10
"GO:1990868","response to chemokine","7/225","17/1987",0.00156059724055916,0.0311262756321998,0.0279210527410122,"Ccr1/Ccr5/Cxcl2/Ccrl2/Cxcl3/Cxcl1/Cxcl10",7
"GO:1990869","cellular response to chemokine","7/225","17/1987",0.00156059724055916,0.0311262756321998,0.0279210527410122,"Ccr1/Ccr5/Cxcl2/Ccrl2/Cxcl3/Cxcl1/Cxcl10",7
"GO:0051049","regulation of transport","44/225","255/1987",0.00156383220567574,0.0311262756321998,0.0279210527410122,"Lipg/Lcn2/Fpr2/Anxa1/Gpr27/Cd177/S100a9/S100a8/Plscr1/Ier3/Pld1/Cd300lf/Slc11a1/Cebpb/G6pdx/Cd14/Slc31a2/Tlr4/Pram1/Abca13/Mmp9/Flot1/Tlr2/Itgb2l/App/Il1rn/Fcgr1/Ccr1/Anxa2/Itgam/Ffar2/Hck/Rab3d/Tgm2/Glul/Oas2/Mertk/Fabp5/Prtn3/Spp1/Arg2/Ccn3/Cxcl1/Cxcl10",44
"GO:0002831","regulation of response to biotic stimulus","28/225","142/1987",0.00166964009491016,0.032915761871086,0.0295262669415691,"Fpr2/Plscr1/Ltf/Cd300lf/Cd14/Tlr4/Clec4n/Clec4e/Slc15a3/Flot1/Tlr2/App/Ccr1/Ceacam1/Trem3/Ffar2/Acod1/Ifih1/Irf7/Ncf1/Adam8/Oas3/Zbp1/Dhx58/Casp4/Arg2/Gbp2b/Cxcl1",28
"GO:0032930","positive regulation of superoxide anion generation","6/225","13/1987",0.00170455835173913,0.0332871300764152,0.0298593935696905,"Fpr2/Cd177/Itgb2l/App/Itgam/Cxcl1",6
"GO:0021782","glial cell development","8/225","22/1987",0.00185770404518103,0.0352793337020617,0.0316464503688975,"S100a9/S100a8/Tlr4/B4galt6/Tlr2/App/C5ar1/Itgam",8
"GO:0060760","positive regulation of response to cytokine stimulus","8/225","22/1987",0.00185770404518103,0.0352793337020617,0.0316464503688975,"Mmp8/Cd300lf/Tlr4/Tlr2/Ifih1/Irf7/Zbp1/Casp4",8
"GO:0150076","neuroinflammatory response","8/225","22/1987",0.00185770404518103,0.0352793337020617,0.0316464503688975,"Mmp8/Tlr4/Tlr2/App/C5ar1/Itgam/Aif1/Nupr1",8
"GO:0001649","osteoblast differentiation","10/225","32/1987",0.00191824527083262,0.0354690721261038,0.0318166505112876,"Clec5a/Ifitm1/Ltf/Fam20c/Cebpb/Id1/Ctnnbip1/Trp53inp2/Fosl2/Spp1",10
"GO:0071675","regulation of mononuclear cell migration","10/225","32/1987",0.00191824527083262,0.0354690721261038,0.0318166505112876,"Fpr2/Trem1/App/C5ar1/Ccr1/Cmklr1/Aif1/Adam8/Ccn3/Cxcl10",10
"GO:0006887","exocytosis","14/225","54/1987",0.00193113073147622,0.0354690721261038,0.0318166505112876,"Anxa1/Cd177/Anxa3/Scamp1/Pram1/Itgb2l/Ccr1/Anxa2/Itgam/Hck/Rab3d/Ctbp2/Fcgr4/Rab3il1",14
"GO:0048871","multicellular organismal-level homeostasis","31/225","164/1987",0.00193623437210132,0.0354690721261038,0.0318166505112876,"Lcn2/Anxa1/Slc11a1/Cebpb/G6pdx/Tlr4/G0s2/Pirb/Id1/Cib2/Il1rn/Prdx5/Ceacam1/Trp53inp2/Ccr5/Itgam/Gatm/Epb42/Rab3d/Cmklr1/Fbxl5/Adam8/Ampd3/Mertk/Fcgr4/Fabp5/Tspo2/Fosl2/Cxcr2/Spp1/Ccn3",31
"GO:0050830","defense response to Gram-positive bacterium","11/225","38/1987",0.00228857364067586,0.0405432385305205,0.0363683055010619,"Ltf/Pld1/Pglyrp1/Camp/Tlr2/App/C5ar1/Hck/Ncf1/Casp4/Gbp2b",11
"GO:0001774","microglial cell activation","7/225","18/1987",0.00231116045729537,0.0405432385305205,0.0363683055010619,"Mmp8/Tlr4/Tlr2/App/C5ar1/Itgam/Aif1",7
"GO:0032608","interferon-beta production","7/225","18/1987",0.00231116045729537,0.0405432385305205,0.0363683055010619,"Tlr4/Flot1/Tlr2/Ifih1/Irf7/Oas2/Oas3",7
"GO:0032648","regulation of interferon-beta production","7/225","18/1987",0.00231116045729537,0.0405432385305205,0.0363683055010619,"Tlr4/Flot1/Tlr2/Ifih1/Irf7/Oas2/Oas3",7
"GO:0042554","superoxide anion generation","7/225","18/1987",0.00231116045729537,0.0405432385305205,0.0363683055010619,"Fpr2/Cd177/Itgb2l/App/Itgam/Ncf1/Cxcl1",7
"GO:0071219","cellular response to molecule of bacterial origin","16/225","67/1987",0.00237346514606504,0.041286326490375,0.0370348741057826,"Mmp8/Plscr1/Ltf/Cebpb/Cd14/Tlr4/Tlr2/Acod1/Il36g/Cxcl2/Fcgr4/Cmpk2/Cxcl3/Gbp2b/Cxcl1/Cxcl10",16
"GO:0001659","temperature homeostasis","10/225","33/1987",0.00248402845531843,0.0428494908542429,0.0384370718875588,"Lcn2/Cebpb/Tlr4/G0s2/Id1/Il1rn/Ccr5/Gatm/Cmklr1/Fabp5",10
"GO:0071347","cellular response to interleukin-1","8/225","23/1987",0.00257505901073787,0.0440526624151023,0.0395163470634328,"Il1r2/Mapk13/Saa3/Cebpb/Il1rap/Il1rn/Acod1/Zbp1",8
"GO:0002690","positive regulation of leukocyte chemotaxis","9/225","28/1987",0.00260153038517454,0.0441407204697647,0.0395953373550292,"Fpr2/Trem1/App/C5ar1/Ccr1/Cmklr1/Aif1/Cxcr2/Cxcl10",9
"GO:0032879","regulation of localization","49/225","299/1987",0.00263545494131142,0.0443527782806069,0.0397855585491943,"Lipg/Lcn2/Fpr2/Anxa1/Gpr27/Cd177/S100a9/S100a8/Plscr1/Ier3/Pld1/Cd300lf/Slc11a1/Cebpb/G6pdx/Cd14/Slc31a2/Tlr4/Pram1/Abca13/Mmp9/Plin2/Flot1/Mmp14/Tlr2/Itgb2l/App/Il1rn/Fcgr1/Ccr1/Trp53inp2/Anxa2/Ccr5/Itgam/Ffar2/Hck/Rab3d/Tgm2/Glul/Oas2/Mertk/Fabp5/Prtn3/Msr1/Spp1/Arg2/Ccn3/Cxcl1/Cxcl10",49
"GO:0019731","antibacterial humoral response","6/225","14/1987",0.00270405800457191,0.0447792005557109,0.0401680700637041,"Wfdc21/Ltf/Wfdc17/Camp/App/Wfdc18",6
"GO:0032928","regulation of superoxide anion generation","6/225","14/1987",0.00270405800457191,0.0447792005557109,0.0401680700637041,"Fpr2/Cd177/Itgb2l/App/Itgam/Cxcl1",6
"GO:0045669","positive regulation of osteoblast differentiation","5/225","10/1987",0.00278255728198734,0.0457134410612205,0.0410061073134976,"Ifitm1/Ltf/Fam20c/Cebpb/Ctnnbip1",5
